Year,Species,Tonnes,Days,CPUE
1990,Cod,31.69627,1646,0.0192565431348724
1991,Cod,36.2964,1769,0.0205180327868852
1992,Cod,42.697197,1969,0.0216847115286948
1993,Cod,56.76325,2888,0.0196548649584488
1994,Cod,59.447078,3577,0.0166192558009505
1995,Cod,65.12532,3782,0.0172198096245373
1996,Cod,88.91372499,5924,0.0150090690395003
1997,Cod,125.751436,7608,0.0165288427970557
1998,Cod,171.44389,8787,0.0195110834186867
1999,Cod,126.69273,7875,0.0160879657142857
2000,Cod,136.476495,7906,0.0172623950164432
2001,Cod,148.984918,9683,0.0153862354642156
2002,Cod,118.46345,9864,0.0120096766017843
2003,Cod,93.78397501,8710,0.0107673909311137
2004,Cod,51.64695,5994,0.00861644144144144
2005,Cod,49.36484999,6690,0.00737890134379671
2006,Cod,43.80847,5578,0.00785379526712083
2007,Cod,44.97302,5358,0.00839362075401269
2008,Cod,55.93348,4974,0.0112451708886208
2009,Cod,46.54,4931,0.00943824781991482
2010,Cod,33.00272,4224,0.00781314393939394
2011,Cod,39.449906,3958,0.00996713137948459
2012,Cod,28.393337,3339,0.00850354507337526
2013,Cod,33.428956,3800,0.00879709368421053
2014,Cod,32.63774,4133,0.00789686426324704
2015,Cod,34.20892,4390,0.00779246469248292
2016,Cod,30.72963,4422,0.0069492605156038
2017,Cod,32.86271,4836,0.00679543217535153
2018,Cod,20.83414,2937,0.00709368062648962
2019,Cod,16.09392,2580,0.00623795348837209
2020,Cod,10.90626,1747,0.00624285060103034
1990,Coral trout,1292.511708,14207,0.0909771033997325
1991,Coral trout,1480.0782,14019,0.105576588915044
1992,Coral trout,1563.23394,14523,0.107638500309853
1993,Coral trout,1418.05555,17292,0.0820064509599815
1994,Coral trout,1425.92784,19831,0.0719039806363774
1995,Coral trout,1686.08346,21040,0.0801370465779468
1996,Coral trout,1901.14349,26485,0.0717818950349254
1997,Coral trout,1583.545545,29842,0.0530643236043161
1998,Coral trout,1717.70677,29040,0.0591496821625344
1999,Coral trout,1699.46632,27504,0.0617897876672484
2000,Coral trout,1810.73032,28521,0.0634876168437292
2001,Coral trout,2268.30228,36605,0.0619670066930747
2002,Coral trout,2202.48071,39069,0.0563741255215132
2003,Coral trout,1858.25919,35892,0.0517736317285189
2004,Coral trout,1251.55492,22218,0.0563306742281033
2005,Coral trout,1133.71455,18255,0.0621043303204601
2006,Coral trout,1046.5986,16838,0.062156942629766
2007,Coral trout,1125.35198,17522,0.0642250873187992
2008,Coral trout,1224.29248,17215,0.0711177740342724
2009,Coral trout,1123.8228,17039,0.065955912905687
2010,Coral trout,995.554085,16367,0.060826912995662
2011,Coral trout,765.04773,14328,0.053395291038526
2012,Coral trout,817.21943,13887,0.0588478022611075
2013,Coral trout,939.89792,13841,0.0679067928617874
2014,Coral trout,835.70549,13517,0.0618262550861878
2015,Coral trout,811.56724,14218,0.0570802672668448
2016,Coral trout,980.385395,14034,0.0698578733789369
2017,Coral trout,922.44301,12219,0.0754925124805631
2018,Coral trout,829.58629,12383,0.0669939667285795
2019,Coral trout,787.11656,12612,0.0624101300348874
2020,Coral trout,741.01687,9609,0.077116960141534
1990,Crimson Snapper,NaN,NaN,NaN
1991,Crimson Snapper,NaN,NaN,NaN
1992,Crimson Snapper,NaN,NaN,NaN
1993,Crimson Snapper,0.8509,15,0.0567266666666667
1994,Crimson Snapper,2.4576,71,0.0346140845070423
1995,Crimson Snapper,1.987099998,36,0.0551972221666667
1996,Crimson Snapper,22.75855,523,0.0435153919694073
1997,Crimson Snapper,19.4488,532,0.0365578947368421
1998,Crimson Snapper,67.52233,727,0.0928780330123796
1999,Crimson Snapper,50.280113,959,0.052429732012513
2000,Crimson Snapper,33.84409999,910,0.0371913186703297
2001,Crimson Snapper,63.31615004,1136,0.0557360475704225
2002,Crimson Snapper,96.57937,1150,0.0839820608695652
2003,Crimson Snapper,122.36825,941,0.130040648246546
2004,Crimson Snapper,161.51175,753,0.214491035856574
2005,Crimson Snapper,184.85835,760,0.243234671052632
2006,Crimson Snapper,247.0508,766,0.322520626631854
2007,Crimson Snapper,267.5154,984,0.271865243902439
2008,Crimson Snapper,360.0451,1323,0.272142932728647
2009,Crimson Snapper,379.48781,1422,0.266869064697609
2010,Crimson Snapper,296.5713,1137,0.260836675461741
2011,Crimson Snapper,266.0701,1108,0.240135469314079
2012,Crimson Snapper,47.570238,749,0.0635116662216289
2013,Crimson Snapper,39.00321,1043,0.0373952157238734
2014,Crimson Snapper,21.0086,872,0.0240924311926606
2015,Crimson Snapper,117.674466,899,0.13089484538376
2016,Crimson Snapper,25.08235,804,0.0311969527363184
2017,Crimson Snapper,18.7849,894,0.021012192393736
2018,Crimson Snapper,14.42935,910,0.0158564285714286
2019,Crimson Snapper,14.1772,894,0.0158581655480984
2020,Crimson Snapper,17.51235,879,0.0199230375426621
1990,Goldband Snapper,39.78246,610,0.0652171475409836
1991,Goldband Snapper,39.1663,748,0.0523613636363636
1992,Goldband Snapper,46.025353,755,0.0609607324503311
1993,Goldband Snapper,23.842,420,0.0567666666666667
1994,Goldband Snapper,10.6668,357,0.0298789915966387
1995,Goldband Snapper,39.073,598,0.0653394648829432
1996,Goldband Snapper,65.31626,1154,0.0565998786828423
1997,Goldband Snapper,81.26156003,946,0.0859001691649049
1998,Goldband Snapper,203.63935,1799,0.11319585881045
1999,Goldband Snapper,145.291,1544,0.0941003886010363
2000,Goldband Snapper,93.52346001,1109,0.0843313435617674
2001,Goldband Snapper,138.648578,1604,0.0864392630922693
2002,Goldband Snapper,108.02216,1457,0.0741401235415237
2003,Goldband Snapper,73.78886002,1145,0.0644444192314411
2004,Goldband Snapper,82.66583501,1340,0.0616909216492537
2005,Goldband Snapper,84.9826,1559,0.0545109685695959
2006,Goldband Snapper,81.53057,1230,0.0662850162601626
2007,Goldband Snapper,82.90996,1335,0.0621048389513109
2008,Goldband Snapper,88.10061,1400,0.0629290071428572
2009,Goldband Snapper,92.51759,1541,0.0600373718364698
2010,Goldband Snapper,78.67652,1339,0.0587576699029126
2011,Goldband Snapper,78.46338,1124,0.0698072775800712
2012,Goldband Snapper,50.18913,931,0.0539088399570354
2013,Goldband Snapper,57.18216,1127,0.0507383850931677
2014,Goldband Snapper,70.20471,1253,0.0560292976855547
2015,Goldband Snapper,85.72303,1286,0.0666586547433904
2016,Goldband Snapper,63.49648,1189,0.0534032632464256
2017,Goldband Snapper,69.77261,1374,0.0507806477438137
2018,Goldband Snapper,43.1043,1130,0.0381453982300885
2019,Goldband Snapper,50.69416,1151,0.0440435794960904
2020,Goldband Snapper,48.66085,1055,0.046124028436019
1990,Grey Mackerel,305.40756,3600,0.0848354333333333
1991,Grey Mackerel,189.566878,2779,0.0682140618927672
1992,Grey Mackerel,186.42699,1919,0.0971479885356957
1993,Grey Mackerel,121.964966,1010,0.120757392079208
1994,Grey Mackerel,183.82161,1142,0.160964632224168
1995,Grey Mackerel,187.753052,1606,0.116907255292653
1996,Grey Mackerel,322.290368,1863,0.17299536661299
1997,Grey Mackerel,555.834386,2974,0.186897910558171
1998,Grey Mackerel,466.134017,2675,0.17425570728972
1999,Grey Mackerel,403.963277,2102,0.192180436251189
2000,Grey Mackerel,469.4255495,1625,0.288877261230769
2001,Grey Mackerel,549.95663,2385,0.23058978197065
2002,Grey Mackerel,462.5363349,2395,0.193125818329854
2003,Grey Mackerel,619.719055,3353,0.184825247539517
2004,Grey Mackerel,718.6459466,4128,0.174090587839147
2005,Grey Mackerel,641.046446,4061,0.157854332922925
2006,Grey Mackerel,831.1124658,4359,0.190665855884377
2007,Grey Mackerel,983.3391142,4584,0.214515513568935
2008,Grey Mackerel,1021.008297,4134,0.246978301161103
2009,Grey Mackerel,830.0111924,3560,0.233149211348315
2010,Grey Mackerel,1056.308745,2631,0.401485649942987
2011,Grey Mackerel,1081.641187,2759,0.392041024646611
2012,Grey Mackerel,984.8378476,2648,0.371917616163142
2013,Grey Mackerel,689.160493,2387,0.288714073313783
2014,Grey Mackerel,782.144273,2786,0.280740945082556
2015,Grey Mackerel,891.021766,2947,0.302348749915168
2016,Grey Mackerel,822.61987,2996,0.274572720293725
2017,Grey Mackerel,709.2406392,2682,0.264444682774049
2018,Grey Mackerel,850.6857946,2511,0.338783669693349
2019,Grey Mackerel,679.8162661,2005,0.339060481845387
2020,Grey Mackerel,848.835486,1788,0.474740204697987
1990,Pearl Perch,13.7712,696,0.0197862068965517
1991,Pearl Perch,15.8874,798,0.019909022556391
1992,Pearl Perch,19.64835,861,0.0228203832752613
1993,Pearl Perch,18.22191,768,0.0237264453125
1994,Pearl Perch,10.76515,617,0.0174475688816856
1995,Pearl Perch,33.8057,1174,0.0287953151618399
1996,Pearl Perch,41.60199001,1973,0.0210856512975165
1997,Pearl Perch,57.21434,2552,0.0224194122257053
1998,Pearl Perch,52.57391999,2796,0.0188032617989986
1999,Pearl Perch,49.14397002,2482,0.019800149081386
2000,Pearl Perch,52.30004998,2471,0.0211655402590045
2001,Pearl Perch,43.01687,2542,0.0169224508261212
2002,Pearl Perch,36.35581999,2545,0.0142851944950884
2003,Pearl Perch,64.85391,3513,0.0184611187019641
2004,Pearl Perch,88.63821004,4219,0.0210092936809671
2005,Pearl Perch,123.20981,4682,0.0263156364801367
2006,Pearl Perch,98.23878,4245,0.0231422332155477
2007,Pearl Perch,69.727492,3930,0.0177423643765903
2008,Pearl Perch,63.24055,3820,0.0165551178010471
2009,Pearl Perch,72.80023,3962,0.0183746163553761
2010,Pearl Perch,56.87613,3408,0.0166890052816901
2011,Pearl Perch,43.17285,3056,0.0141272414921466
2012,Pearl Perch,39.053,2684,0.0145502980625931
2013,Pearl Perch,28.83446,2384,0.0120949916107383
2014,Pearl Perch,27.23318,2164,0.0125846487985213
2015,Pearl Perch,29.16585,2299,0.012686320139191
2016,Pearl Perch,31.44948,2656,0.0118409186746988
2017,Pearl Perch,27.71716,2619,0.0105831080565101
2018,Pearl Perch,25.93482,2507,0.0103449621061029
2019,Pearl Perch,23.75286,2095,0.0113378806682578
2020,Pearl Perch,15.86905,1419,0.0111832628611698
1990,Rabbitfishes,22.75135,635,0.0358288976377953
1991,Rabbitfishes,65.4849,762,0.085938188976378
1992,Rabbitfishes,76.60315,537,0.142650186219739
1993,Rabbitfishes,37.2882,126,0.295938095238095
1994,Rabbitfishes,75.774,158,0.479582278481013
1995,Rabbitfishes,56.961,156,0.365134615384615
1996,Rabbitfishes,51.68,143,0.361398601398601
1997,Rabbitfishes,80.548,287,0.280655052264808
1998,Rabbitfishes,150.3965,323,0.465623839009288
1999,Rabbitfishes,69.48912,299,0.23240508361204
2000,Rabbitfishes,118.921,341,0.348741935483871
2001,Rabbitfishes,87.05032,280,0.310894
2002,Rabbitfishes,64.5244,298,0.216524832214765
2003,Rabbitfishes,66.3958,287,0.23134425087108
2004,Rabbitfishes,90.94263998,366,0.248477158415301
2005,Rabbitfishes,91.5875,311,0.294493569131833
2006,Rabbitfishes,91.24595,336,0.271565327380952
2007,Rabbitfishes,74.48452,255,0.292096156862745
2008,Rabbitfishes,35.3407,179,0.197434078212291
2009,Rabbitfishes,29.9952,183,0.163908196721312
2010,Rabbitfishes,46.8986,215,0.218133023255814
2011,Rabbitfishes,29.28876,139,0.210710503597122
2012,Rabbitfishes,40.984,134,0.305850746268657
2013,Rabbitfishes,30.708,122,0.251704918032787
2014,Rabbitfishes,12.1532,88,0.138104545454545
2015,Rabbitfishes,44.0798,206,0.213979611650485
2016,Rabbitfishes,49.5607,275,0.180220727272727
2017,Rabbitfishes,32.40451,204,0.158845637254902
2018,Rabbitfishes,31.074939,174,0.178591603448276
2019,Rabbitfishes,30.9685,214,0.14471261682243
2020,Rabbitfishes,17.4015,176,0.0988721590909091
1990,Red Emperor,56.29421001,1865,0.0301845630080429
1991,Red Emperor,77.79319999,2042,0.0380965719833497
1992,Red Emperor,45.6233,1388,0.0328698126801153
1993,Red Emperor,30.40361,1213,0.0250648062654575
1994,Red Emperor,37.37688,1678,0.0222746603098927
1995,Red Emperor,38.00458001,1906,0.0199394438667366
1996,Red Emperor,47.03156,3108,0.0151324195624196
1997,Red Emperor,82.96952449,4805,0.0172673307991675
1998,Red Emperor,112.91197,5190,0.0217556782273603
1999,Red Emperor,137.13385,6522,0.0210263492793622
2000,Red Emperor,130.71913,7225,0.0180926131487889
2001,Red Emperor,209.69223,10781,0.0194501651052778
2002,Red Emperor,219.74947,12787,0.0171853812465786
2003,Red Emperor,198.99015,11751,0.0169338907327036
2004,Red Emperor,77.43756,5542,0.0139728545651389
2005,Red Emperor,60.30060001,4848,0.0124382425763201
2006,Red Emperor,53.05208001,4400,0.0120572909113636
2007,Red Emperor,66.91836,4695,0.0142531118210863
2008,Red Emperor,88.63283,5283,0.0167769884535302
2009,Red Emperor,111.87826,5631,0.0198682756171195
2010,Red Emperor,84.6762,5134,0.0164932216595247
2011,Red Emperor,87.41453,4509,0.0193866777555999
2012,Red Emperor,61.89219,3578,0.0172979849077697
2013,Red Emperor,59.20177,3599,0.0164495054181717
2014,Red Emperor,57.33536,3504,0.0163628310502283
2015,Red Emperor,48.33306,3033,0.0159357270029674
2016,Red Emperor,50.18257,3091,0.0162350598511808
2017,Red Emperor,53.49571,3395,0.015757204712813
2018,Red Emperor,57.62299,3438,0.0167606137289122
2019,Red Emperor,44.62199,3504,0.0127345861872146
2020,Red Emperor,39.68854,3031,0.0130942065324975
1990,Redthroat Emperor,554.62701,10454,0.0530540472546394
1991,Redthroat Emperor,599.1515,10755,0.0557091120409112
1992,Redthroat Emperor,641.80082,11049,0.0580867788940176
1993,Redthroat Emperor,642.5635,12951,0.0496149718168481
1994,Redthroat Emperor,670.66702,13788,0.0486413562518132
1995,Redthroat Emperor,622.1781499,13866,0.0448707738280687
1996,Redthroat Emperor,728.742215,17488,0.0416709866765782
1997,Redthroat Emperor,947.47384,22094,0.0428837621073595
1998,Redthroat Emperor,795.32704,19775,0.040218813653603
1999,Redthroat Emperor,771.40657,18799,0.0410344470450556
2000,Redthroat Emperor,789.71233,19648,0.0401930135382736
2001,Redthroat Emperor,936.25163,24526,0.0381738412297154
2002,Redthroat Emperor,884.15439,26394,0.0334983098431462
2003,Redthroat Emperor,908.56983,25348,0.0358438468518226
2004,Redthroat Emperor,441.50657,15172,0.0291000902979172
2005,Redthroat Emperor,310.10455,11784,0.0263157289545146
2006,Redthroat Emperor,290.67797,11417,0.0254601007269861
2007,Redthroat Emperor,353.24139,11811,0.0299078308356617
2008,Redthroat Emperor,343.54511,11284,0.0304453305565402
2009,Redthroat Emperor,361.88818,11517,0.0314220873491361
2010,Redthroat Emperor,356.804975,11321,0.031517089921385
2011,Redthroat Emperor,314.489575,9411,0.0334172324938901
2012,Redthroat Emperor,293.88906,8647,0.033987401410894
2013,Redthroat Emperor,315.38006,8792,0.0358712534121929
2014,Redthroat Emperor,282.41208,8497,0.0332366811815935
2015,Redthroat Emperor,234.040165,8512,0.0274953201362782
2016,Redthroat Emperor,234.772845,8109,0.0289521328153903
2017,Redthroat Emperor,243.29094,7384,0.0329483938244854
2018,Redthroat Emperor,228.91034,7018,0.0326176033057851
2019,Redthroat Emperor,226.50073,7094,0.0319284930927544
2020,Redthroat Emperor,160.69216,5455,0.0294577745187901
1990,Redspot King Prawn,2386.3254,42467,0.0561924647373255
1991,Redspot King Prawn,2829.9498,47708,0.0593181395153853
1992,Redspot King Prawn,2644.025506,46833,0.05645646245169
1993,Redspot King Prawn,2543.953353,44194,0.0575633197492872
1994,Redspot King Prawn,2269.164527,41246,0.0550153839645057
1995,Redspot King Prawn,3070.815024,45471,0.0675334834070067
1996,Redspot King Prawn,3472.001091,55653,0.0623865935529082
1997,Redspot King Prawn,2764.212631,52934,0.0522199839611592
1998,Redspot King Prawn,3315.569051,56039,0.0591653857313657
1999,Redspot King Prawn,2813.425453,47776,0.0588878401917281
2000,Redspot King Prawn,1438.973522,32222,0.0446581069455651
2001,Redspot King Prawn,1101.469688,20637,0.0533735372389398
2002,Redspot King Prawn,1656.704281,24029,0.068946035249074
2003,Redspot King Prawn,916.233493,12715,0.0720592601651593
2004,Redspot King Prawn,510.287108,8247,0.0618754829635019
2005,Redspot King Prawn,394.3365,7025,0.0561333096085409
2006,Redspot King Prawn,271.4983,5244,0.0517731311975591
2007,Redspot King Prawn,239.768,5032,0.0476486486486487
2008,Redspot King Prawn,299.025,4010,0.074569825436409
2009,Redspot King Prawn,352.7705,4944,0.0713532564724919
2010,Redspot King Prawn,351.505,4807,0.0731235697940503
2011,Redspot King Prawn,113.8178,2417,0.0470905254447662
2012,Redspot King Prawn,265.62175,3523,0.0753964660800454
2013,Redspot King Prawn,227.5875,3774,0.0603040540540541
2014,Redspot King Prawn,171.9065,3489,0.0492709945543136
2015,Redspot King Prawn,147.96025,2479,0.0596854578459056
2016,Redspot King Prawn,223.041375,3075,0.0725337804878049
2017,Redspot King Prawn,206.2585,3181,0.0648407733417164
2018,Redspot King Prawn,98.9045,2242,0.044114406779661
2019,Redspot King Prawn,127.91,2855,0.0448021015761821
2020,Redspot King Prawn,243.381,2958,0.0822789046653144
1990,Saddletail Snapper,10.35041,95,0.108951684210526
1991,Saddletail Snapper,17.70016,145,0.122070068965517
1992,Saddletail Snapper,14.42757,178,0.0810537640449438
1993,Saddletail Snapper,20.98055,351,0.0597736467236467
1994,Saddletail Snapper,25.26168999,542,0.0466082841143911
1995,Saddletail Snapper,37.84481,515,0.0734850679611651
1996,Saddletail Snapper,71.22648699,1305,0.0545796835172414
1997,Saddletail Snapper,117.4472787,1940,0.0605398343814433
1998,Saddletail Snapper,233.6856601,2539,0.0920384640015754
1999,Saddletail Snapper,244.40211,2829,0.0863916967126193
2000,Saddletail Snapper,152.6934801,2454,0.0622222820293399
2001,Saddletail Snapper,174.56191,2876,0.0606960744089013
2002,Saddletail Snapper,184.14746,2706,0.0680515373244641
2003,Saddletail Snapper,181.79791,2615,0.069521189292543
2004,Saddletail Snapper,102.92003,1622,0.0634525462392108
2005,Saddletail Snapper,98.7715,1292,0.0764485294117647
2006,Saddletail Snapper,200.7105,1213,0.165466199505359
2007,Saddletail Snapper,224.28084,1479,0.151643569979716
2008,Saddletail Snapper,290.22402,2034,0.142686342182891
2009,Saddletail Snapper,318.87794,2664,0.119698926426426
2010,Saddletail Snapper,252.38398,2059,0.122575998057309
2011,Saddletail Snapper,290.88612,2186,0.133067758462946
2012,Saddletail Snapper,77.96934,1717,0.0454102154921375
2013,Saddletail Snapper,74.30382,1949,0.0381240738840431
2014,Saddletail Snapper,73.56911,1949,0.037747106208312
2015,Saddletail Snapper,150.1009,2039,0.0736149583128985
2016,Saddletail Snapper,109.57104,2079,0.0527037229437229
2017,Saddletail Snapper,111.63841,2254,0.0495290195208518
2018,Saddletail Snapper,99.23366,2164,0.0458565896487985
2019,Saddletail Snapper,77.79428,2076,0.0374731599229287
2020,Saddletail Snapper,91.23886,2022,0.0451230761622156
1990,School Mackerel,9.3508,153,0.061116339869281
1991,School Mackerel,1.71748,96,0.0178904166666667
1992,School Mackerel,11.678243,229,0.0509966943231441
1993,School Mackerel,29.86944,574,0.0520373519163763
1994,School Mackerel,26.96344,576,0.0468115277777778
1995,School Mackerel,24.2233,665,0.036426015037594
1996,School Mackerel,48.033006,1001,0.047985020979021
1997,School Mackerel,33.9421,948,0.0358039029535865
1998,School Mackerel,41.38901601,1122,0.0368886060695187
1999,School Mackerel,89.60018603,1172,0.0764506706740614
2000,School Mackerel,95.21511703,1252,0.0760504129632588
2001,School Mackerel,37.45032002,970,0.0386085773402062
2002,School Mackerel,90.591904,1764,0.0513559546485261
2003,School Mackerel,126.809251,2194,0.0577982000911577
2004,School Mackerel,145.7784259,3530,0.0412970045042493
2005,School Mackerel,158.7729725,3965,0.0400436248423708
2006,School Mackerel,160.7835176,3730,0.0431055006970509
2007,School Mackerel,128.7648614,3108,0.0414301355855856
2008,School Mackerel,147.486373,3167,0.046569742027155
2009,School Mackerel,146.5210552,3134,0.0467520916400766
2010,School Mackerel,168.1411026,3058,0.0549840100065402
2011,School Mackerel,106.9325474,2286,0.0467771423447069
2012,School Mackerel,83.949331,2014,0.0416828853028798
2013,School Mackerel,94.807841,1984,0.0477862101814516
2014,School Mackerel,84.7833335,2022,0.0419304319980218
2015,School Mackerel,99.129626,2297,0.0431561279930344
2016,School Mackerel,97.001389,2463,0.0393834303694681
2017,School Mackerel,70.680052,2023,0.0349382362827484
2018,School Mackerel,112.488883,2489,0.0451944085978305
2019,School Mackerel,77.956808,2181,0.0357436075194865
2020,School Mackerel,63.592317,1853,0.0343185736643281
1990,Shark Mackerel,72.71098702,3183,0.0228435397486648
1991,Shark Mackerel,71.64338501,2834,0.0252799523676782
1992,Shark Mackerel,55.004071,2187,0.0251504668495656
1993,Shark Mackerel,69.771094,3225,0.021634447751938
1994,Shark Mackerel,63.38610002,2448,0.0258930147140523
1995,Shark Mackerel,70.06587701,2998,0.0233708729186124
1996,Shark Mackerel,61.358363,3191,0.019228568787214
1997,Shark Mackerel,75.8495028,3123,0.0242873848222863
1998,Shark Mackerel,55.071207,3087,0.0178397172011662
1999,Shark Mackerel,61.242779,3220,0.0190194965838509
2000,Shark Mackerel,54.41157,2822,0.0192812083628632
2001,Shark Mackerel,67.824838,3838,0.0176719223553934
2002,Shark Mackerel,51.010778,3636,0.0140293668866887
2003,Shark Mackerel,67.254926,3561,0.0188865279415894
2004,Shark Mackerel,52.3676273,3121,0.016779118007049
2005,Shark Mackerel,40.758121,2913,0.0139918026089942
2006,Shark Mackerel,39.485176,2636,0.0149792018209408
2007,Shark Mackerel,41.5523645,2944,0.0141142542459239
2008,Shark Mackerel,54.3689986,2899,0.0187543975853743
2009,Shark Mackerel,58.404179,3582,0.0163049075935232
2010,Shark Mackerel,35.1877788,2967,0.0118597164812942
2011,Shark Mackerel,33.5103178,2237,0.0149800258381761
2012,Shark Mackerel,28.316854,2109,0.0134266733048838
2013,Shark Mackerel,26.9941308,1970,0.0137026044670051
2014,Shark Mackerel,34.2945705,2495,0.0137453188376754
2015,Shark Mackerel,34.380037,2687,0.0127949523632304
2016,Shark Mackerel,33.7731495,2404,0.0140487310732113
2017,Shark Mackerel,34.9595665,2327,0.0150234492909325
2018,Shark Mackerel,29.88131,2397,0.0124661284939508
2019,Shark Mackerel,27.6031765,2369,0.011651826298016
2020,Shark Mackerel,28.3253815,1880,0.015066692287234
1990,Snapper,97.34957999,2088,0.0466233620641762
1991,Snapper,106.2575,2702,0.0393254996299038
1992,Snapper,131.788974,2737,0.048150885641213
1993,Snapper,118.09662,2603,0.0453694275835574
1994,Snapper,84.050945,2331,0.0360578914628915
1995,Snapper,123.5157199,2975,0.0415178890420168
1996,Snapper,147.83334,4562,0.0324053792196405
1997,Snapper,191.588194,6269,0.0305612049768703
1998,Snapper,198.038055,6770,0.0292522976366322
1999,Snapper,167.13967,6270,0.0266570446570973
2000,Snapper,153.78363,6396,0.0240437195121951
2001,Snapper,169.89275,6649,0.0255516243044067
2002,Snapper,129.2667,6601,0.0195828965308287
2003,Snapper,166.79954,7685,0.021704559531555
2004,Snapper,209.1328399,7345,0.0284728168686181
2005,Snapper,318.7527229,7678,0.0415150720109403
2006,Snapper,245.09115,6896,0.0355410600348028
2007,Snapper,189.84478,6695,0.0283562031366692
2008,Snapper,182.94821,6721,0.0272203853593215
2009,Snapper,153.96993,6640,0.0231882424698795
2010,Snapper,124.70107,5473,0.0227847743467934
2011,Snapper,100.04831,5066,0.0197489755230951
2012,Snapper,92.18976,4777,0.0192986728072012
2013,Snapper,90.69745,4576,0.0198202469405594
2014,Snapper,81.10679,4188,0.0193664732569245
2015,Snapper,79.86265,3862,0.0206790911444847
2016,Snapper,92.02883,4417,0.0208351437627349
2017,Snapper,77.45611,4344,0.0178305962246777
2018,Snapper,71.07014,4308,0.0164972469823584
2019,Snapper,49.05268,3555,0.0137982222222222
2020,Snapper,26.3533,2429,0.0108494442157266
1990,Spangled Emperor,33.87234,969,0.0349559752321981
1991,Spangled Emperor,34.6332,914,0.0378919037199125
1992,Spangled Emperor,20.72076,592,0.0350012837837838
1993,Spangled Emperor,27.48484,489,0.0562062167689162
1994,Spangled Emperor,18.33542,716,0.0256081284916201
1995,Spangled Emperor,17.4818,633,0.0276173775671406
1996,Spangled Emperor,39.98376,1353,0.0295519290465632
1997,Spangled Emperor,49.41239999,2040,0.0242217647009804
1998,Spangled Emperor,51.34928999,2153,0.0238501114677195
1999,Spangled Emperor,58.78046,2526,0.0232701741884402
2000,Spangled Emperor,68.4939,2119,0.0323236904200094
2001,Spangled Emperor,81.71442999,2767,0.0295317780954102
2002,Spangled Emperor,86.19758001,3191,0.027012717019743
2003,Spangled Emperor,65.68162,2947,0.0222876213098066
2004,Spangled Emperor,29.42399,2384,0.0123422776845638
2005,Spangled Emperor,23.63875,2859,0.00826818817768451
2006,Spangled Emperor,19.80968,2411,0.00821637494815429
2007,Spangled Emperor,32.656862,3696,0.00883573106060606
2008,Spangled Emperor,46.24025,5087,0.00908988598388048
2009,Spangled Emperor,88.545435,6350,0.013944162992126
2010,Spangled Emperor,80.76357,5805,0.0139127596899225
2011,Spangled Emperor,74.48753,4844,0.0153772770437655
2012,Spangled Emperor,53.951955,4421,0.0122035636733771
2013,Spangled Emperor,73.61237,4640,0.0158647349137931
2014,Spangled Emperor,77.09768,4604,0.0167458036490009
2015,Spangled Emperor,58.83042,4258,0.0138164443400658
2016,Spangled Emperor,60.34066,4327,0.0139451490640166
2017,Spangled Emperor,58.053915,4664,0.0124472373499142
2018,Spangled Emperor,69.890445,5031,0.0138919588550984
2019,Spangled Emperor,74.31961,4910,0.0151363767820774
2020,Spangled Emperor,57.76141,3776,0.0152969835805085
1990,Spanish Mackerel,574.96796,9604,0.0598675510204082
1991,Spanish Mackerel,515.982905,7881,0.0654717554878822
1992,Spanish Mackerel,613.295741,8885,0.0690259697242544
1993,Spanish Mackerel,691.6382351,10536,0.0656452387148823
1994,Spanish Mackerel,701.827299,10456,0.0671219681522571
1995,Spanish Mackerel,593.6317527,9442,0.0628713993539504
1996,Spanish Mackerel,685.0894808,11856,0.0577842004723347
1997,Spanish Mackerel,975.6811659,15639,0.0623876952426626
1998,Spanish Mackerel,806.2097018,13708,0.0588130800846221
1999,Spanish Mackerel,978.7335716,15088,0.0648683438229056
2000,Spanish Mackerel,765.8111472,13609,0.0562724040855316
2001,Spanish Mackerel,845.4084341,15603,0.0541824286419278
2002,Spanish Mackerel,1012.197377,16779,0.0603252504320877
2003,Spanish Mackerel,953.8034456,17146,0.055628335798437
2004,Spanish Mackerel,582.1566868,9716,0.0599173205846027
2005,Spanish Mackerel,533.8286345,8384,0.0636723085042939
2006,Spanish Mackerel,468.886028,6680,0.0701925191616767
2007,Spanish Mackerel,526.9396337,7631,0.0690525008124754
2008,Spanish Mackerel,599.3453577,7599,0.078871609119621
2009,Spanish Mackerel,643.6552656,8635,0.074540273954835
2010,Spanish Mackerel,618.3664252,9086,0.0680570575830949
2011,Spanish Mackerel,613.6340658,8245,0.0744249928198908
2012,Spanish Mackerel,548.966785,7069,0.0776583371056726
2013,Spanish Mackerel,535.4300483,6327,0.0846262127864707
2014,Spanish Mackerel,604.803125,8022,0.0753930597107953
2015,Spanish Mackerel,495.338642,7139,0.0693848777139655
2016,Spanish Mackerel,521.891901,6504,0.080241682195572
2017,Spanish Mackerel,564.9927792,7212,0.0783406515806988
2018,Spanish Mackerel,481.334766,6765,0.0711507414634146
2019,Spanish Mackerel,485.432611,6732,0.0721082309863339
2020,Spanish Mackerel,465.1484625,5818,0.0799498904262633
1990,Stripey Snapper,0.7546,40,0.018865
1991,Stripey Snapper,2.3683,113,0.020958407079646
1992,Stripey Snapper,1.546230001,46,0.033613695673913
1993,Stripey Snapper,1.9816,17,0.116564705882353
1994,Stripey Snapper,0.2025,31,0.00653225806451613
1995,Stripey Snapper,1.1531,51,0.0226098039215686
1996,Stripey Snapper,7.6482,358,0.021363687150838
1997,Stripey Snapper,5.8492,339,0.0172542772861357
1998,Stripey Snapper,7.48112,434,0.0172376036866359
1999,Stripey Snapper,4.624479998,253,0.0182785770671937
2000,Stripey Snapper,10.69928,373,0.0286843967828418
2001,Stripey Snapper,22.13445999,545,0.0406136880550459
2002,Stripey Snapper,9.28418,396,0.023444898989899
2003,Stripey Snapper,4.5678,303,0.0150752475247525
2004,Stripey Snapper,3.68238,253,0.0145548616600791
2005,Stripey Snapper,2.06052,190,0.0108448421052632
2006,Stripey Snapper,6.834015,305,0.0224066065573771
2007,Stripey Snapper,5.634106,461,0.0122214880694143
2008,Stripey Snapper,8.23102,771,0.0106757717250324
2009,Stripey Snapper,6.91872,777,0.00890440154440155
2010,Stripey Snapper,6.28133,849,0.00739850412249706
2011,Stripey Snapper,6.21693,750,0.00828924
2012,Stripey Snapper,5.51315,726,0.00759387052341598
2013,Stripey Snapper,16.31619,942,0.0173207961783439
2014,Stripey Snapper,6.98145,908,0.00768882158590308
2015,Stripey Snapper,9.1979,1136,0.00809674295774648
2016,Stripey Snapper,10.753115,1196,0.00899089882943144
2017,Stripey Snapper,8.97465,1199,0.00748511259382819
2018,Stripey Snapper,3.43252,559,0.00614046511627907
2019,Stripey Snapper,3.34659,440,0.00760588636363636
2020,Stripey Snapper,1.31737,239,0.00551200836820084
1990,Trevallies,1.439264997,19,0.0757507893157895
1991,Trevallies,12.1029,158,0.0766006329113924
1992,Trevallies,54.052181,1799,0.0300456814897165
1993,Trevallies,106.0461212,3670,0.0288954008719346
1994,Trevallies,99.90768497,3778,0.026444596339333
1995,Trevallies,125.07017,4241,0.0294907262438104
1996,Trevallies,113.825288,5064,0.0224773475513428
1997,Trevallies,123.61744,6140,0.0201331335504886
1998,Trevallies,144.287228,7056,0.0204488701814059
1999,Trevallies,128.107672,6869,0.018650119668074
2000,Trevallies,122.30216,7124,0.0171676249298147
2001,Trevallies,133.441546,7441,0.0179332812793979
2002,Trevallies,111.897705,7942,0.0140893609921934
2003,Trevallies,123.908705,8561,0.0144736251606121
2004,Trevallies,163.9276658,9202,0.0178143518582917
2005,Trevallies,167.2368475,9128,0.0183213023115688
2006,Trevallies,142.8447778,8780,0.0162693368792711
2007,Trevallies,127.183128,8299,0.0153251148331124
2008,Trevallies,108.7759972,7091,0.0153400080665633
2009,Trevallies,134.4300352,7461,0.0180176967162579
2010,Trevallies,134.9417905,7629,0.017688005046533
2011,Trevallies,121.640068,6350,0.0191559162204724
2012,Trevallies,83.25254841,5148,0.0161718237004662
2013,Trevallies,102.2965344,5053,0.020244712923016
2014,Trevallies,97.8080485,5533,0.0176772182360383
2015,Trevallies,88.0781013,5543,0.0158899695652174
2016,Trevallies,96.0603259,5976,0.0160743517235609
2017,Trevallies,103.79235,5688,0.0182476002109705
2018,Trevallies,125.596656,6891,0.0182261872006966
2019,Trevallies,120.6414165,6671,0.0180844575775746
2020,Trevallies,102.2431135,5644,0.0181153638377038
1990,Tropical Rock Lobster,6.287,275,0.0228618181818182
1991,Tropical Rock Lobster,10.0347,463,0.0216732181425486
1992,Tropical Rock Lobster,8.459500001,301,0.028104651166113
1993,Tropical Rock Lobster,21.93605668,326,0.0672885174233129
1994,Tropical Rock Lobster,35.41261335,352,0.100604015198864
1995,Tropical Rock Lobster,48.88917003,377,0.129679496100796
1996,Tropical Rock Lobster,70.22837,581,0.120874991394148
1997,Tropical Rock Lobster,65.12154001,959,0.0679056725860271
1998,Tropical Rock Lobster,90.9703,802,0.113429301745636
1999,Tropical Rock Lobster,139.26747,1267,0.1099190765588
2000,Tropical Rock Lobster,157.54138,1784,0.0883079484304933
2001,Tropical Rock Lobster,206.597746,2760,0.0748542557971015
2002,Tropical Rock Lobster,116.697256,1425,0.0818928112280702
2003,Tropical Rock Lobster,104.013245,532,0.195513618421053
2004,Tropical Rock Lobster,186.734741,726,0.257210387052342
2005,Tropical Rock Lobster,142.421789,689,0.206707966618287
2006,Tropical Rock Lobster,203.396805,1115,0.182418659192825
2007,Tropical Rock Lobster,239.480123,1166,0.205386040308748
2008,Tropical Rock Lobster,243.887161,1162,0.209885680722892
2009,Tropical Rock Lobster,198.474227,1007,0.197094565044687
2010,Tropical Rock Lobster,118.495195,584,0.202902731164384
2011,Tropical Rock Lobster,141.15534,544,0.259476727941177
2012,Tropical Rock Lobster,154.4278,583,0.264884734133791
2013,Tropical Rock Lobster,181.03935,720,0.251443541666667
2014,Tropical Rock Lobster,176.7776,821,0.215319853836784
2015,Tropical Rock Lobster,123.92499,854,0.145111229508197
2016,Tropical Rock Lobster,198.45069,895,0.22173261452514
2017,Tropical Rock Lobster,186.6357,702,0.265862820512821
2018,Tropical Rock Lobster,162.85304,1026,0.158726159844055
2019,Tropical Rock Lobster,104.68303,685,0.152821941605839
2020,Tropical Rock Lobster,115.22284,572,0.201438531468531
1990,Western King Prawn,NaN,NaN,NaN
1991,Western King Prawn,NaN,NaN,NaN
1992,Western King Prawn,NaN,NaN,NaN
1993,Western King Prawn,NaN,NaN,NaN
1994,Western King Prawn,NaN,NaN,NaN
1995,Western King Prawn,NaN,NaN,NaN
1996,Western King Prawn,NaN,NaN,NaN
1997,Western King Prawn,NaN,NaN,NaN
1998,Western King Prawn,NaN,NaN,NaN
1999,Western King Prawn,NaN,NaN,NaN
2000,Western King Prawn,3.265,65,0.0502307692307692
2001,Western King Prawn,10.8597,221,0.0491389140271493
2002,Western King Prawn,14.145768,435,0.0325190068965517
2003,Western King Prawn,241.543052,5466,0.0441900936699598
2004,Western King Prawn,220.0077,5626,0.03910552790615
2005,Western King Prawn,197.531,6382,0.0309512691946098
2006,Western King Prawn,164.068,4717,0.0347822768708925
2007,Western King Prawn,202.1955,4170,0.0484881294964029
2008,Western King Prawn,111.0686,3430,0.0323815160349854
2009,Western King Prawn,154.7031,3531,0.0438128292268479
2010,Western King Prawn,152.863,2903,0.0526569066482949
2011,Western King Prawn,75.8487,2462,0.0308077579203899
2012,Western King Prawn,136.6176,3029,0.0451032023770221
2013,Western King Prawn,143.8045,2980,0.0482565436241611
2014,Western King Prawn,177.895,3053,0.0582689158205044
2015,Western King Prawn,150.6882,2923,0.0515525829627095
2016,Western King Prawn,181.6748,3807,0.0477212503283425
2017,Western King Prawn,176.88025,3574,0.0494908365976497
2018,Western King Prawn,145.260675,2891,0.0502458232445521
2019,Western King Prawn,126.6217,2916,0.0434230795610425
2020,Western King Prawn,218.731,2849,0.0767746577746578
